<?xml version='1.0' encoding='UTF-8'?>
<?artifactRepository version='1.1.0'?>
<repository name='Repository with p2 Director Bundles' type='org.eclipse.equinox.p2.artifact.repository.simpleRepository' version='1'>
  <properties size='2'>
    <property name='p2.timestamp' value='1527601585790'/>
    <property name='publishPackFilesAsSiblings' value='true'/>
  </properties>
  <mappings size='5'>
    <rule filter='(&amp; (classifier=osgi.bundle) (format=packed))' output='${repoUrl}/plugins/${id}_${version}.jar.pack.gz'/>
    <rule filter='(&amp; (classifier=osgi.bundle))' output='${repoUrl}/plugins/${id}_${version}.jar'/>
    <rule filter='(&amp; (classifier=binary))' output='${repoUrl}/binary/${id}_${version}'/>
    <rule filter='(&amp; (classifier=org.eclipse.update.feature) (format=packed))' output='${repoUrl}/features/${id}_${version}.jar.pack.gz'/>
    <rule filter='(&amp; (classifier=org.eclipse.update.feature))' output='${repoUrl}/features/${id}_${version}.jar'/>
  </mappings>
  <artifacts size='54'>
    <artifact classifier='osgi.bundle' id='org.eclipse.equinox.common' version='3.10.0.v20180412-1130'>
      <properties size='3'>
        <property name='download.size' value='122021'/>
        <property name='artifact.size' value='122021'/>
        <property name='download.md5' value='128439573f2f32fe30e6e88519340c08'/>
      </properties>
    </artifact>
    <artifact classifier='osgi.bundle' id='org.eclipse.equinox.launcher' version='1.5.0.v20180512-1130'>
      <properties size='3'>
        <property name='download.size' value='54553'/>
        <property name='artifact.size' value='54553'/>
        <property name='download.md5' value='8a87b5373d63b114a164d5db3a96e211'/>
      </properties>
    </artifact>
    <artifact classifier='osgi.bundle' id='org.sat4j.pb' version='2.3.5.v201404071733'>
      <properties size='3'>
        <property name='download.size' value='241956'/>
        <property name='artifact.size' value='241956'/>
        <property name='download.md5' value='76494edaecd18849bb6044f6bda5fc9e'/>
      </properties>
    </artifact>
    <artifact classifier='osgi.bundle' id='org.eclipse.equinox.app' version='1.3.500.v20171221-2204'>
      <properties size='3'>
        <property name='download.size' value='87721'/>
        <property name='artifact.size' value='87721'/>
        <property name='download.md5' value='7dbd2734ffdd369a11a9582f019bb218'/>
      </properties>
    </artifact>
    <artifact classifier='osgi.bundle' id='org.eclipse.equinox.frameworkadmin' version='2.1.0.v20180131-0638'>
      <properties size='3'>
        <property name='download.size' value='36921'/>
        <property name='artifact.size' value='36921'/>
        <property name='download.md5' value='452fd779ab8f960c828a5502d6cdfed7'/>
      </properties>
    </artifact>
    <artifact classifier='osgi.bundle' id='org.eclipse.equinox.security' version='1.2.400.v20171221-2204'>
      <properties size='3'>
        <property name='download.size' value='109814'/>
        <property name='artifact.size' value='109814'/>
        <property name='download.md5' value='fe534a9dd482bb3ac89d6aec3243874f'/>
      </properties>
    </artifact>
    <artifact classifier='osgi.bundle' id='org.eclipse.equinox.p2.publisher' version='1.5.0.v20180320-1332'>
      <properties size='3'>
        <property name='download.size' value='99785'/>
        <property name='artifact.size' value='99785'/>
        <property name='download.md5' value='57b8295f3d77e9bbdc5bcab9b422240d'/>
      </properties>
    </artifact>
    <artifact classifier='osgi.bundle' id='org.apache.commons.logging' version='1.1.1.v201101211721'>
      <properties size='3'>
        <property name='download.size' value='73633'/>
        <property name='artifact.size' value='73633'/>
        <property name='download.md5' value='e1d5f3260cc59b73227929ba4e775e84'/>
      </properties>
    </artifact>
    <artifact classifier='osgi.bundle' id='org.eclipse.equinox.p2.engine' version='2.6.0.v20180409-1209'>
      <properties size='3'>
        <property name='download.size' value='215081'/>
        <property name='artifact.size' value='215081'/>
        <property name='download.md5' value='641fac37613b7829aae5fade7ccd1fca'/>
      </properties>
    </artifact>
    <artifact classifier='osgi.bundle' id='org.apache.felix.scr' version='2.0.14.v20180117-1452'>
      <properties size='3'>
        <property name='download.size' value='371014'/>
        <property name='artifact.size' value='371014'/>
        <property name='download.md5' value='cf33d5a81381a8c751c7254ff508094d'/>
      </properties>
    </artifact>
    <artifact classifier='osgi.bundle' id='org.eclipse.equinox.concurrent' version='1.1.100.v20171221-2204'>
      <properties size='3'>
        <property name='download.size' value='26532'/>
        <property name='artifact.size' value='26532'/>
        <property name='download.md5' value='965741c21b31bc6c97547405b90f021a'/>
      </properties>
    </artifact>
    <artifact classifier='osgi.bundle' id='org.sat4j.core' version='2.3.5.v201308161310'>
      <properties size='3'>
        <property name='download.size' value='362968'/>
        <property name='artifact.size' value='362968'/>
        <property name='download.md5' value='797ce277f3dd2acb14f066fc1da203b9'/>
      </properties>
    </artifact>
    <artifact classifier='osgi.bundle' id='org.eclipse.osgi.compatibility.state' version='1.1.100.v20180331-1743'>
      <properties size='3'>
        <property name='download.size' value='244686'/>
        <property name='artifact.size' value='244686'/>
        <property name='download.md5' value='34f1826f22b7c621b5237bc6219a58cb'/>
      </properties>
    </artifact>
    <artifact classifier='osgi.bundle' id='org.eclipse.ecf.filetransfer' version='5.0.100.v20180301-0132'>
      <properties size='3'>
        <property name='download.size' value='53277'/>
        <property name='artifact.size' value='53277'/>
        <property name='download.md5' value='e4108f6b1414d2d82a892671acfe9fae'/>
      </properties>
    </artifact>
    <artifact classifier='osgi.bundle' id='org.eclipse.ecf.provider.filetransfer.ssl' version='1.0.100.v20180301-0132'>
      <properties size='3'>
        <property name='download.size' value='9940'/>
        <property name='artifact.size' value='9940'/>
        <property name='download.md5' value='1bb17f8b05af6cd89000de5b065aca7f'/>
      </properties>
    </artifact>
    <artifact classifier='osgi.bundle' id='org.eclipse.equinox.p2.garbagecollector' version='1.1.0.v20180103-0918'>
      <properties size='3'>
        <property name='download.size' value='25589'/>
        <property name='artifact.size' value='25589'/>
        <property name='download.md5' value='c575b05508de3c6f1c82b04da7ad4856'/>
      </properties>
    </artifact>
    <artifact classifier='osgi.bundle' id='org.eclipse.ecf' version='3.9.0.v20180402-2015'>
      <properties size='3'>
        <property name='download.size' value='124103'/>
        <property name='artifact.size' value='124103'/>
        <property name='download.md5' value='c1587449474598ef5bc6b991bb4d742f'/>
      </properties>
    </artifact>
    <artifact classifier='osgi.bundle' id='org.eclipse.equinox.p2.touchpoint.natives' version='1.3.0.v20180512-1128'>
      <properties size='3'>
        <property name='download.size' value='78929'/>
        <property name='artifact.size' value='78929'/>
        <property name='download.md5' value='3e93d95d3c51979f1531db3e25ce8449'/>
      </properties>
    </artifact>
    <artifact classifier='osgi.bundle' id='org.eclipse.equinox.registry' version='3.8.0.v20180426-1327'>
      <properties size='3'>
        <property name='download.size' value='196218'/>
        <property name='artifact.size' value='196218'/>
        <property name='download.md5' value='67b5f4a0b98df278c829a24bd39d0f4b'/>
      </properties>
    </artifact>
    <artifact classifier='osgi.bundle' id='org.eclipse.osgi.services' version='3.7.0.v20180223-1712'>
      <properties size='3'>
        <property name='download.size' value='125904'/>
        <property name='artifact.size' value='125904'/>
        <property name='download.md5' value='ae9dc223ec9fe198437f83d4f4442166'/>
      </properties>
    </artifact>
    <artifact classifier='osgi.bundle' id='org.eclipse.equinox.p2.artifact.repository' version='1.2.0.v20180413-0846'>
      <properties size='3'>
        <property name='download.size' value='155757'/>
        <property name='artifact.size' value='155757'/>
        <property name='download.md5' value='16223fb11764ed3225561303b55173f6'/>
      </properties>
    </artifact>
    <artifact classifier='osgi.bundle' id='org.eclipse.equinox.simpleconfigurator.manipulator' version='2.1.0.v20180103-0918'>
      <properties size='3'>
        <property name='download.size' value='26541'/>
        <property name='artifact.size' value='26541'/>
        <property name='download.md5' value='a2a300ae036bc829308fd6f37e7fa294'/>
      </properties>
    </artifact>
    <artifact classifier='osgi.bundle' id='org.apache.httpcomponents.httpcore' version='4.4.6.v20170210-0925'>
      <properties size='3'>
        <property name='download.size' value='354656'/>
        <property name='artifact.size' value='354656'/>
        <property name='download.md5' value='9481748276ecbff2504a7941988e604a'/>
      </properties>
    </artifact>
    <artifact classifier='osgi.bundle' id='org.eclipse.equinox.p2.metadata' version='2.4.0.v20180320-1220'>
      <properties size='3'>
        <property name='download.size' value='360677'/>
        <property name='artifact.size' value='360677'/>
        <property name='download.md5' value='d6cddee6805dd523e8fc4b34999d1cd9'/>
      </properties>
    </artifact>
    <artifact classifier='osgi.bundle' id='org.eclipse.equinox.p2.metadata.repository' version='1.3.0.v20180302-1057'>
      <properties size='3'>
        <property name='download.size' value='133506'/>
        <property name='artifact.size' value='133506'/>
        <property name='download.md5' value='c3d3db3dea8a4579b8f5f4e98ec67eb7'/>
      </properties>
    </artifact>
    <artifact classifier='osgi.bundle' id='org.apache.httpcomponents.httpclient' version='4.5.2.v20170210-0925'>
      <properties size='3'>
        <property name='download.size' value='1006005'/>
        <property name='artifact.size' value='1006005'/>
        <property name='download.md5' value='9c014bb195bedab499967f31e990dd03'/>
      </properties>
    </artifact>
    <artifact classifier='osgi.bundle' id='org.eclipse.equinox.p2.touchpoint.eclipse' version='2.2.0.v20180302-1057'>
      <properties size='3'>
        <property name='download.size' value='131566'/>
        <property name='artifact.size' value='131566'/>
        <property name='download.md5' value='91f998762667079a36e28e881c1b1fc1'/>
      </properties>
    </artifact>
    <artifact classifier='osgi.bundle' id='org.eclipse.ecf.provider.filetransfer.httpclient4.ssl' version='1.1.100.v20180301-0132'>
      <properties size='3'>
        <property name='download.size' value='14236'/>
        <property name='artifact.size' value='14236'/>
        <property name='download.md5' value='7d917dd6eeb1b189e3135e33321c841c'/>
      </properties>
    </artifact>
    <artifact classifier='osgi.bundle' id='org.eclipse.ecf.ssl' version='1.2.100.v20180301-0132'>
      <properties size='3'>
        <property name='download.size' value='14834'/>
        <property name='artifact.size' value='14834'/>
        <property name='download.md5' value='cbd43a3d244a1d1f650c85333f342b11'/>
      </properties>
    </artifact>
    <artifact classifier='osgi.bundle' id='org.eclipse.equinox.ds' version='1.5.100.v20171221-2204'>
      <properties size='3'>
        <property name='download.size' value='29150'/>
        <property name='artifact.size' value='29150'/>
        <property name='download.md5' value='f102d48b2e72d9c876f5b764753ee4e2'/>
      </properties>
    </artifact>
    <artifact classifier='osgi.bundle' id='org.eclipse.core.runtime' version='3.14.0.v20180417-0825'>
      <properties size='3'>
        <property name='download.size' value='74597'/>
        <property name='artifact.size' value='74597'/>
        <property name='download.md5' value='5f24c3c4278621973d86bd279c61bfbe'/>
      </properties>
    </artifact>
    <artifact classifier='osgi.bundle' id='org.eclipse.equinox.p2.core' version='2.5.0.v20180512-1128'>
      <properties size='3'>
        <property name='download.size' value='75637'/>
        <property name='artifact.size' value='75637'/>
        <property name='download.md5' value='574686cbbf3800b63427087242403593'/>
      </properties>
    </artifact>
    <artifact classifier='osgi.bundle' id='org.eclipse.equinox.util' version='1.1.0.v20180419-0833'>
      <properties size='3'>
        <property name='download.size' value='83282'/>
        <property name='artifact.size' value='83282'/>
        <property name='download.md5' value='731d990a2a362733d910eab2e5c04911'/>
      </properties>
    </artifact>
    <artifact classifier='osgi.bundle' id='org.eclipse.tycho.noopsecurity' version='1.2.0'>
      <properties size='6'>
        <property name='artifact.size' value='5013'/>
        <property name='download.size' value='5013'/>
        <property name='maven-groupId' value='org.eclipse.tycho'/>
        <property name='maven-artifactId' value='org.eclipse.tycho.noopsecurity'/>
        <property name='maven-version' value='1.2.0'/>
        <property name='download.md5' value='af834b18fe684be22c2ec441ccddec01'/>
      </properties>
    </artifact>
    <artifact classifier='osgi.bundle' id='org.eclipse.core.net' version='1.3.200.v20180515-0858'>
      <properties size='3'>
        <property name='download.size' value='74311'/>
        <property name='artifact.size' value='74311'/>
        <property name='download.md5' value='d58e5e29b505aa9226f0b9f7bd0484d7'/>
      </properties>
    </artifact>
    <artifact classifier='osgi.bundle' id='org.eclipse.equinox.preferences' version='3.7.100.v20180510-1129'>
      <properties size='3'>
        <property name='download.size' value='133497'/>
        <property name='artifact.size' value='133497'/>
        <property name='download.md5' value='590f2b2b41a30d58cb31290a902a041b'/>
      </properties>
    </artifact>
    <artifact classifier='osgi.bundle' id='org.eclipse.core.jobs' version='3.10.0.v20180427-1454'>
      <properties size='3'>
        <property name='download.size' value='107636'/>
        <property name='artifact.size' value='107636'/>
        <property name='download.md5' value='e3c249b7d4fe3d1ebe503c39827472aa'/>
      </properties>
    </artifact>
    <artifact classifier='osgi.bundle' id='org.eclipse.ecf.provider.filetransfer.httpclient4' version='1.1.300.v20180301-0132'>
      <properties size='3'>
        <property name='download.size' value='75556'/>
        <property name='artifact.size' value='75556'/>
        <property name='download.md5' value='58b046ab7fd967f819a843859ea8dd75'/>
      </properties>
    </artifact>
    <artifact classifier='osgi.bundle' id='org.eclipse.equinox.p2.repository' version='2.4.0.v20180512-1128'>
      <properties size='3'>
        <property name='download.size' value='141774'/>
        <property name='artifact.size' value='141774'/>
        <property name='download.md5' value='d842d978e86fcc9cad37b93c7998daf5'/>
      </properties>
    </artifact>
    <artifact classifier='osgi.bundle' id='org.eclipse.equinox.frameworkadmin.equinox' version='1.1.0.v20180512-1128'>
      <properties size='3'>
        <property name='download.size' value='67544'/>
        <property name='artifact.size' value='67544'/>
        <property name='download.md5' value='f59d607fb10cf88153117be12c1f2306'/>
      </properties>
    </artifact>
    <artifact classifier='osgi.bundle' id='org.eclipse.core.contenttype' version='3.7.0.v20180426-1644'>
      <properties size='3'>
        <property name='download.size' value='105529'/>
        <property name='artifact.size' value='105529'/>
        <property name='download.md5' value='b5dc88d042411254b11a594be9f94301'/>
      </properties>
    </artifact>
    <artifact classifier='osgi.bundle' id='org.eclipse.ecf.identity' version='3.9.0.v20180426-1936'>
      <properties size='3'>
        <property name='download.size' value='64807'/>
        <property name='artifact.size' value='64807'/>
        <property name='download.md5' value='7896999525ff04bf03649e15fe117529'/>
      </properties>
    </artifact>
    <artifact classifier='osgi.bundle' id='org.tukaani.xz' version='1.8.0.v20180207-1613'>
      <properties size='3'>
        <property name='download.size' value='128217'/>
        <property name='artifact.size' value='128217'/>
        <property name='download.md5' value='cdbc6c373260d18c753098881deab30f'/>
      </properties>
    </artifact>
    <artifact classifier='osgi.bundle' id='org.eclipse.equinox.simpleconfigurator' version='1.3.0.v20180502-1828'>
      <properties size='3'>
        <property name='download.size' value='45902'/>
        <property name='artifact.size' value='45902'/>
        <property name='download.md5' value='e6b33ee307971cd1e02207a3d40e0fe3'/>
      </properties>
    </artifact>
    <artifact classifier='osgi.bundle' id='org.eclipse.equinox.p2.director' version='2.4.0.v20180302-1057'>
      <properties size='3'>
        <property name='download.size' value='107959'/>
        <property name='artifact.size' value='107959'/>
        <property name='download.md5' value='36d4989adc82985f27b829a511cb2f4a'/>
      </properties>
    </artifact>
    <artifact classifier='osgi.bundle' id='org.eclipse.osgi' version='3.13.0.v20180409-1500'>
      <properties size='3'>
        <property name='download.size' value='1428984'/>
        <property name='artifact.size' value='1428984'/>
        <property name='download.md5' value='167d9694d7dd0d3726eee777213d8299'/>
      </properties>
    </artifact>
    <artifact classifier='osgi.bundle' id='org.eclipse.osgi.util' version='3.5.0.v20180219-1511'>
      <properties size='3'>
        <property name='download.size' value='73316'/>
        <property name='artifact.size' value='73316'/>
        <property name='download.md5' value='8599ee220e59e1f7899eea075e71c3a3'/>
      </properties>
    </artifact>
    <artifact classifier='osgi.bundle' id='org.eclipse.equinox.p2.transport.ecf' version='1.2.0.v20180222-0922'>
      <properties size='3'>
        <property name='download.size' value='44228'/>
        <property name='artifact.size' value='44228'/>
        <property name='download.md5' value='ed8f53b3908d4c890eac27755347318e'/>
      </properties>
    </artifact>
    <artifact classifier='osgi.bundle' id='org.eclipse.equinox.p2.publisher.eclipse' version='1.3.0.v20180320-1332'>
      <properties size='3'>
        <property name='download.size' value='237687'/>
        <property name='artifact.size' value='237687'/>
        <property name='download.md5' value='c596e6f673d55234ac632f68e9eb154c'/>
      </properties>
    </artifact>
    <artifact classifier='osgi.bundle' id='org.eclipse.ecf.provider.filetransfer' version='3.2.400.v20180306-0429'>
      <properties size='3'>
        <property name='download.size' value='129434'/>
        <property name='artifact.size' value='129434'/>
        <property name='download.md5' value='7f24961162fe908be20fbd4cd6b7e204'/>
      </properties>
    </artifact>
    <artifact classifier='osgi.bundle' id='org.apache.commons.codec' version='1.9.0.v20170208-1614'>
      <properties size='3'>
        <property name='download.size' value='291070'/>
        <property name='artifact.size' value='291070'/>
        <property name='download.md5' value='db34c263e26d19b8cb884675eca82b57'/>
      </properties>
    </artifact>
    <artifact classifier='osgi.bundle' id='org.eclipse.equinox.p2.jarprocessor' version='1.1.0.v20180512-1128'>
      <properties size='3'>
        <property name='download.size' value='73258'/>
        <property name='artifact.size' value='73258'/>
        <property name='download.md5' value='627d71df32ef54520694e9a733d5558b'/>
      </properties>
    </artifact>
    <artifact classifier='osgi.bundle' id='org.eclipse.equinox.p2.repository.tools' version='2.2.0.v20180416-1436'>
      <properties size='3'>
        <property name='download.size' value='253405'/>
        <property name='artifact.size' value='253405'/>
        <property name='download.md5' value='2d73dfc42dcee73874e76106c6881d45'/>
      </properties>
    </artifact>
    <artifact classifier='osgi.bundle' id='org.eclipse.equinox.p2.director.app' version='1.1.0.v20180502-1549'>
      <properties size='3'>
        <property name='download.size' value='55949'/>
        <property name='artifact.size' value='55949'/>
        <property name='download.md5' value='89f7615790037077e6aaae6e07363976'/>
      </properties>
    </artifact>
  </artifacts>
</repository>
